setting,assumption,lag,method,source_t,tau_rmse,tau_bias,mean_tau_hat,mean_tau_true,mean_abs_tau_hat,mean_abs_tau_true,tau_hat_sd,tau_true_sd,sign_alignment,cosine_alignment,n_time_comparisons,treated_count_min,control_count_min,eligible_count_min,treated_count_mean,control_count_mean,eligible_count_mean
validity,lagged,0,RC,,0.2213458990128186,0.0019488799562775788,0.0019488799562775788,0.0,0.1696499211713536,0.0,0.22110962884790883,0.0,,,5.0,50.0,50.0,150.0,90.0,250.0,340.0
validity,lagged,1,RC,,0.28634439221046804,0.00192205381491621,0.00192205381491621,0.0,0.20940409869677493,0.0,0.2860686219929885,0.0,,,4.0,50.0,50.0,150.0,87.5,200.0,287.5
validity,lagged,2,RC,,0.551756107927044,-0.0015458812862621121,-0.0015458812862621121,0.0,0.37095046238474183,0.0,0.551288290148313,0.0,,,3.0,50.0,50.0,150.0,83.33333333333331,150.0,233.33333333333337
validity,lagged,3,RC,,34.08382235894992,-0.0734682815215563,-0.0734682815215563,0.0,10.897845303698645,0.0,34.066752804394376,0.0,,,2.0,50.0,50.0,150.0,75.0,100.0,175.0
validity,lagged,4,RC,,40.54661083661283,-0.085958199987676,-0.085958199987676,0.0,14.434715180951391,0.0,40.53392096190709,0.0,,,1.0,50.0,50.0,100.0,50.0,50.0,100.0
