setting,assumption,source_t,method,lag,tau_rmse,tau_bias,mean_tau_hat,mean_tau_true,mean_abs_tau_hat,mean_abs_tau_true,tau_hat_sd,tau_true_sd,sign_alignment,cosine_alignment
validity,static,1,RV,,0.17814526669981487,0.0006961620962013129,0.0006961620962013129,0.0,0.14236795663288845,0.0,0.17798740675749555,0.0,,
validity,static,2,RV,,0.26750119193304966,0.0038708944579105586,0.0038708944579105586,0.0,0.21240403607861388,0.0,0.2672051541133705,0.0,,
validity,static,3,RV,,0.21054230977625532,0.0023471126852152367,0.0023471126852152367,0.0,0.17046409086752487,0.0,0.21034771243898842,0.0,,
validity,static,4,RV,,0.1786557391483097,0.0003072874549016436,0.0003072874549016436,0.0,0.12679574799835322,0.0,0.1785073810861729,0.0,,
validity,static,5,RV,,0.2183316002555194,0.0034804484545474844,0.0034804484545474844,0.0,0.16942692956853597,0.0,0.218128907751297,0.0,,
