method,assumption,setting,reject_rate,rmse,mean_p
DM,static,validity,0.105,,0.5083433133732536
Oracle,static,validity,0.0,,1.0
RV,static,validity,0.105,0.6718245354205991,0.5386826347305389
SS,static,validity,0.085,0.8173704558493204,0.5058383233532934
cDM,static,validity,0.075,,0.4996806387225549
