setting,assumption,lag,method,source_t,tau_rmse,tau_bias,mean_tau_hat,mean_tau_true,mean_abs_tau_hat,mean_abs_tau_true,tau_hat_sd,tau_true_sd,sign_alignment,cosine_alignment,n_time_comparisons,treated_count_min,control_count_min,eligible_count_min,treated_count_mean,control_count_mean,eligible_count_mean
power,lagged,0,RC,,0.6693877479167192,0.557109376466678,-0.04289062353332196,-0.6,0.2637384080209986,0.6,0.30318582433422425,0.2309396347100255,0.5608,0.16058149275621653,5.0,50.0,50.0,150.0,90.0,250.0,340.0
power,lagged,1,RC,,1.3130281167834341,0.8659448488416482,-0.13405515115835168,-1.0,0.7941004077929769,1.0,0.8864950119055375,0.5196141780975573,0.56618,0.18005552479026946,4.0,50.0,50.0,150.0,87.5,200.0,287.5
power,lagged,2,RC,,1.857364239127939,1.2147564053713622,-0.18524359462863774,-1.4,1.1437501818750426,1.4,1.2375911947541944,0.8082887214850891,0.5666,0.18469607924920323,3.0,50.0,50.0,150.0,83.33333333333331,150.0,233.33333333333337
power,lagged,3,RC,,5.890865920070686,1.625300044405425,-0.17469995559457502,-1.8,2.2854685985756156,1.8026311999999998,5.147300017112246,1.096963264872621,0.56688,0.1533307637980259,2.0,50.0,50.0,150.0,75.0,100.0,175.0
power,lagged,4,RC,,9.343921919810414,2.129400447013183,-0.07059955298681737,-2.2,4.034673271645023,2.2083328,8.414709194418794,1.3856378082601528,0.5677599999999999,0.15653837575608942,1.0,50.0,50.0,100.0,50.0,50.0,100.0
