method,l,assumption,setting,reject_rate,rmse,mean_p
DM,0,static,power,0.145,,0.4393712574850299
DM,1,static,power,0.18,,0.4501696606786427
DM,2,static,power,0.16,,0.4749201596806387
DM,3,static,power,0.145,,0.4707385229540918
DM,4,static,power,0.135,,0.4566067864271457
Oracle,0,static,power,1.0,,0.001996007984031936
Oracle,1,static,power,1.0,,0.0020259481037924153
Oracle,2,static,power,1.0,,0.0028542914171656684
Oracle,3,static,power,0.98,,0.016347305389221557
Oracle,4,static,power,0.61,,0.121187624750499
RV,0,static,power,0.52,1.038963197380776,0.3148303393213573
RV,1,static,power,0.49,1.0411145951261034,0.3310479041916167
RV,2,static,power,0.445,1.0365943667143453,0.32650698602794415
RV,3,static,power,0.36,1.0263026562235351,0.33699600798403195
RV,4,static,power,0.24,0.9641862429045949,0.38786427145708585
SS,0,static,power,0.19,0.8606794926368678,0.46725548902195607
SS,1,static,power,0.185,0.9486451823514325,0.4641217564870259
SS,2,static,power,0.14,1.0773524520276565,0.4958682634730539
SS,3,static,power,0.15,1.3036649983959856,0.48131736526946106
SS,4,static,power,0.145,1.9564948932996071,0.47038922155688623
cDM,0,static,power,0.235,,0.38506986027944107
cDM,1,static,power,0.225,,0.39566866267465073
cDM,2,static,power,0.2,,0.44278443113772453
cDM,3,static,power,0.165,,0.4528243512974052
cDM,4,static,power,0.145,,0.484001996007984
