method,l,assumption,setting,reject_rate,rmse,mean_p
DM,0,lagged,power,0.18,,0.40227544910179636
DM,1,lagged,power,0.18,,0.41355289421157687
DM,2,lagged,power,0.16,,0.42427145708582836
DM,3,lagged,power,0.15,,0.45904191616766465
DM,4,lagged,power,0.115,,0.4784830339321357
Oracle,0,lagged,power,1.0,,0.001996007984031936
Oracle,1,lagged,power,1.0,,0.0020059880239520957
Oracle,2,lagged,power,1.0,,0.0025748502994011975
Oracle,3,lagged,power,0.965,,0.018173652694610777
Oracle,4,lagged,power,0.53,,0.13679640718562874
RC,0,lagged,power,0.53,0.8184939434689893,0.21839321357285427
RC,1,lagged,power,0.495,0.7944135398755091,0.2343812375249501
RC,2,lagged,power,0.395,0.8527869759207993,0.2800798403193613
RC,3,lagged,power,0.37,0.800687987986862,0.27452095808383237
RC,4,lagged,power,0.255,0.6958572755195948,0.342435129740519
SS,0,lagged,power,0.3,0.7817316148035967,0.4172355289421158
SS,1,lagged,power,0.25,0.7895284868577868,0.4148702594810379
SS,2,lagged,power,0.185,0.8467662087669994,0.4360878243512974
SS,3,lagged,power,0.135,1.0361217065588213,0.4577944111776447
SS,4,lagged,power,0.095,1.6432724637542961,0.49962075848303394
cDM,0,lagged,power,0.275,,0.36190618762475046
cDM,1,lagged,power,0.25,,0.3936027944111777
cDM,2,lagged,power,0.17,,0.4118662674650699
cDM,3,lagged,power,0.17,,0.466936127744511
cDM,4,lagged,power,0.14,,0.4786626746506986
